{"meta": {"version": "5.2", "timestamp": "2020-07-07T00:39:12.437913", "branch_coverage": false, "show_contexts": false}, "files": {"autobrightness/__init__.py": {"executed_lines": [1, 3, 4, 5], "summary": {"covered_lines": 4, "num_statements": 4, "percent_covered": 100.0, "missing_lines": 0, "excluded_lines": 0}, "missing_lines": [], "excluded_lines": []}, "autobrightness/__main__.py": {"executed_lines": [1, 2, 3, 4, 5, 6, 7, 8, 10, 11, 13, 16, 19, 22, 26, 30, 35, 36, 37, 38, 40, 42, 78], "summary": {"covered_lines": 23, "num_statements": 55, "percent_covered": 41.81818181818182, "missing_lines": 32, "excluded_lines": 0}, "missing_lines": [12, 14, 15, 17, 18, 20, 43, 44, 46, 48, 49, 51, 54, 55, 57, 59, 61, 62, 63, 64, 65, 66, 67, 69, 70, 71, 72, 73, 74, 75, 76, 79], "excluded_lines": []}, "autobrightness/backend/__init__.py": {"executed_lines": [1], "summary": {"covered_lines": 0, "num_statements": 0, "percent_covered": 100.0, "missing_lines": 0, "excluded_lines": 0}, "missing_lines": [], "excluded_lines": []}, "autobrightness/backend/powercfg.py": {"executed_lines": [1, 2, 3, 4, 5, 7, 8, 12, 14, 16, 17, 19, 26, 28, 39, 40, 56, 57, 58, 59, 62, 65, 69, 70, 91, 92], "summary": {"covered_lines": 25, "num_statements": 58, "percent_covered": 43.10344827586207, "missing_lines": 33, "excluded_lines": 0}, "missing_lines": [20, 21, 41, 42, 44, 45, 48, 49, 51, 52, 53, 54, 60, 63, 66, 67, 71, 72, 74, 75, 76, 77, 80, 81, 83, 84, 86, 88, 89, 94, 95, 96, 97], "excluded_lines": []}, "autobrightness/backend/sysfs.py": {"executed_lines": [1, 2, 3, 5, 6, 11, 13, 15, 16, 17, 18, 19, 21, 22, 24, 25, 26, 27, 28, 29, 35, 46, 55, 61, 62, 63, 64, 65, 66, 68, 69, 70, 71, 73, 74, 75, 76, 79, 81, 82, 84], "summary": {"covered_lines": 40, "num_statements": 60, "percent_covered": 66.66666666666667, "missing_lines": 20, "excluded_lines": 0}, "missing_lines": [31, 32, 33, 36, 37, 38, 39, 40, 42, 43, 44, 47, 48, 49, 50, 52, 53, 77, 85, 86], "excluded_lines": []}, "autobrightness/brightness.py": {"executed_lines": [1, 3, 4, 11, 13, 14, 15, 17, 23, 24, 25, 28, 29, 30, 31, 34, 37, 39, 46, 47], "summary": {"covered_lines": 19, "num_statements": 21, "percent_covered": 90.47619047619048, "missing_lines": 2, "excluded_lines": 0}, "missing_lines": [26, 35], "excluded_lines": []}, "autobrightness/config.py": {"executed_lines": [1, 2, 4, 5, 10, 12, 13, 14, 16, 18, 19, 22, 25, 26, 27, 28, 29, 31, 32, 34, 39, 40, 41, 42, 43, 45, 46, 48, 52, 55, 56, 57, 58, 59, 61, 74, 75, 77, 79, 80, 82, 83, 84, 85, 86, 88, 90, 100, 101, 103], "summary": {"covered_lines": 49, "num_statements": 50, "percent_covered": 98.0, "missing_lines": 1, "excluded_lines": 0}, "missing_lines": [23], "excluded_lines": []}, "autobrightness/daemon.py": {"executed_lines": [1, 2, 3, 5, 6, 13, 15, 16, 17, 18, 19, 21, 28, 35, 36, 38, 40, 46, 50, 51, 53, 54, 55, 57, 58, 60, 61], "summary": {"covered_lines": 26, "num_statements": 30, "percent_covered": 86.66666666666667, "missing_lines": 4, "excluded_lines": 0}, "missing_lines": [25, 26, 44, 56], "excluded_lines": []}, "autobrightness/gui/__init__.py": {"executed_lines": [1], "summary": {"covered_lines": 0, "num_statements": 0, "percent_covered": 100.0, "missing_lines": 0, "excluded_lines": 0}, "missing_lines": [], "excluded_lines": []}, "autobrightness/gui/aboutwindow.py": {"executed_lines": [1, 2, 3, 4, 6, 7, 9, 10, 12, 13, 15, 16, 17, 18, 20, 21, 22, 23, 24, 25, 27, 28, 30, 31, 32, 33, 35, 36, 38, 39, 41, 42, 43, 45], "summary": {"covered_lines": 34, "num_statements": 34, "percent_covered": 100.0, "missing_lines": 0, "excluded_lines": 0}, "missing_lines": [], "excluded_lines": []}, "autobrightness/gui/camerawindow.py": {"executed_lines": [1, 2, 3, 5, 6, 8, 9, 11, 13, 14, 15, 16, 18, 19, 20, 21, 23, 24, 25, 27, 28, 29, 37, 39, 43, 44, 45, 46, 47, 48, 49], "summary": {"covered_lines": 31, "num_statements": 31, "percent_covered": 100.0, "missing_lines": 0, "excluded_lines": 0}, "missing_lines": [], "excluded_lines": []}, "autobrightness/gui/daemon.py": {"executed_lines": [1, 2, 3, 4, 5, 7, 8, 12, 13, 14, 20, 26, 27, 32, 33, 35, 37], "summary": {"covered_lines": 16, "num_statements": 26, "percent_covered": 61.53846153846154, "missing_lines": 10, "excluded_lines": 0}, "missing_lines": [21, 22, 23, 24, 28, 29, 30, 34, 38, 39], "excluded_lines": []}, "autobrightness/gui/logwindow.py": {"executed_lines": [1, 2, 3, 5, 6, 8, 9, 11, 12], "summary": {"covered_lines": 9, "num_statements": 9, "percent_covered": 100.0, "missing_lines": 0, "excluded_lines": 0}, "missing_lines": [], "excluded_lines": []}, "autobrightness/gui/settingscontroller.py": {"executed_lines": [1, 2, 3, 4, 5, 6, 7, 8, 9, 11, 12, 13, 15, 16, 17, 18, 21, 22, 23, 24, 25, 26, 29, 31, 32, 33, 34, 35, 36, 37, 39, 40, 42, 43, 44, 45, 46, 47, 48, 49, 51, 53, 54, 55, 56, 58, 62, 63, 64, 65, 66, 67, 69, 70, 71, 73, 75, 94, 98, 99, 100, 101, 103, 104, 105, 106, 107, 108, 109, 110, 111, 112, 113, 114, 118, 119, 121, 122, 123, 128, 129, 131], "summary": {"covered_lines": 82, "num_statements": 107, "percent_covered": 76.6355140186916, "missing_lines": 25, "excluded_lines": 0}, "missing_lines": [79, 80, 81, 83, 84, 85, 86, 87, 89, 90, 92, 116, 125, 126, 127, 135, 136, 137, 139, 140, 141, 142, 143, 144, 145], "excluded_lines": []}, "autobrightness/gui/settingswindow.py": {"executed_lines": [1, 2, 3, 4, 6, 7, 9, 10, 12, 13, 14, 15, 16, 17, 19, 20, 22, 23, 25, 26, 27, 28, 29, 31, 32, 33, 34, 35, 37, 38, 40, 41, 43, 44, 46, 47, 49, 51, 52, 54, 55, 56, 57, 58, 59, 60, 61, 63], "summary": {"covered_lines": 48, "num_statements": 48, "percent_covered": 100.0, "missing_lines": 0, "excluded_lines": 0}, "missing_lines": [], "excluded_lines": []}, "autobrightness/gui/trayicon.py": {"executed_lines": [1, 2, 3, 4, 5, 6, 8, 9, 10, 12, 14, 15, 16, 17, 18, 19, 20, 22, 23, 24, 26, 27, 28, 30, 31, 32, 34, 35, 37, 40, 44, 45, 46, 47, 48, 50, 54, 55, 56, 59, 60, 61, 63, 65, 73, 76, 80, 84, 85, 86], "summary": {"covered_lines": 50, "num_statements": 57, "percent_covered": 87.71929824561404, "missing_lines": 7, "excluded_lines": 0}, "missing_lines": [38, 69, 70, 71, 74, 77, 78], "excluded_lines": []}, "autobrightness/screen.py": {"executed_lines": [1, 3, 4, 13, 14, 16, 18, 20, 21, 22, 23, 25, 26, 28, 33, 35, 37, 42, 45, 52, 53, 55, 59, 60], "summary": {"covered_lines": 23, "num_statements": 25, "percent_covered": 92.0, "missing_lines": 2, "excluded_lines": 0}, "missing_lines": [34, 43], "excluded_lines": []}, "autobrightness/subprocess_args.py": {"executed_lines": [1, 2, 3, 5, 10, 15, 27, 29], "summary": {"covered_lines": 8, "num_statements": 18, "percent_covered": 44.44444444444444, "missing_lines": 10, "excluded_lines": 0}, "missing_lines": [17, 18, 19, 21, 34, 35, 36, 44, 45, 47], "excluded_lines": []}, "autobrightness/webcam.py": {"executed_lines": [1, 3, 4, 8, 9, 10, 12, 16, 18, 22, 24, 28, 30, 32, 38, 39, 41, 42, 44, 48, 49, 50, 54, 62, 63, 65, 75, 76, 77, 79, 86, 87, 88, 91, 95, 97, 101, 103, 107, 109, 113, 115, 121, 122, 123, 124, 125, 127, 134, 136, 145, 147, 148], "summary": {"covered_lines": 52, "num_statements": 55, "percent_covered": 94.54545454545455, "missing_lines": 3, "excluded_lines": 0}, "missing_lines": [29, 52, 89], "excluded_lines": []}, "main.py": {"executed_lines": [], "summary": {"covered_lines": 0, "num_statements": 2, "percent_covered": 0.0, "missing_lines": 2, "excluded_lines": 0}, "missing_lines": [1, 2], "excluded_lines": []}, "setup.py": {"executed_lines": [], "summary": {"covered_lines": 0, "num_statements": 3, "percent_covered": 0.0, "missing_lines": 3, "excluded_lines": 0}, "missing_lines": [1, 2, 4], "excluded_lines": []}, "tests/test_brightness.py": {"executed_lines": [1, 2, 3, 5, 6, 7, 8, 9, 10, 12, 13, 14, 15, 16], "summary": {"covered_lines": 14, "num_statements": 14, "percent_covered": 100.0, "missing_lines": 0, "excluded_lines": 0}, "missing_lines": [], "excluded_lines": []},